<?xml version="1.0" encoding="UTF-8"?>
<project-private xmlns="http://www.netbeans.org/ns/project-private/1">
    <editor-bookmarks xmlns="http://www.netbeans.org/ns/editor-bookmarks/1"/>
    <editor-bookmarks xmlns="http://www.netbeans.org/ns/editor-bookmarks/2" lastBookmarkId="0"/>
    <open-files xmlns="http://www.netbeans.org/ns/projectui-open-files/2">
        <group>
            <file>file:/root/NetBeansProjects/A-javaeeprojects/A-JWD/workshop/jpaversionapps/LoginRegistration/web/Restricted/Home.xhtml</file>
            <file>file:/root/NetBeansProjects/A-javaeeprojects/A-JWD/workshop/jpaversionapps/LoginRegistration/src/java/listener/ListenPhase.java</file>
            <file>file:/root/NetBeansProjects/A-javaeeprojects/A-JWD/workshop/jpaversionapps/LoginRegistration/web/Register.xhtml</file>
            <file>file:/root/NetBeansProjects/A-javaeeprojects/A-JWD/workshop/jpaversionapps/LoginRegistration/web/WEB-INF/faces-config.xml</file>
            <file>file:/root/NetBeansProjects/A-javaeeprojects/A-JWD/workshop/jpaversionapps/LoginRegistration/web/index.xhtml</file>
            <file>file:/root/NetBeansProjects/A-javaeeprojects/A-JWD/workshop/jpaversionapps/LoginRegistration/src/java/beans/RegisterBean.java</file>
            <file>file:/root/NetBeansProjects/A-javaeeprojects/A-JWD/workshop/jpaversionapps/LoginRegistration/src/java/beans/IndexBean.java</file>
        </group>
    </open-files>
</project-private>
