<?xml version="1.0" encoding="UTF-8"?>
<project-private xmlns="http://www.netbeans.org/ns/project-private/1">
    <editor-bookmarks xmlns="http://www.netbeans.org/ns/editor-bookmarks/1"/>
    <editor-bookmarks xmlns="http://www.netbeans.org/ns/editor-bookmarks/2" lastBookmarkId="0"/>
    <open-files xmlns="http://www.netbeans.org/ns/projectui-open-files/2">
        <group>
            <file>file:/root/NetBeansProjects/A-javaeeprojects/A-JWD/workshop/jpaversionapps/JSFBookMaster/JSFBookMaster/src/java/ManagedBean/BookMaster.java</file>
            <file>file:/root/NetBeansProjects/A-javaeeprojects/A-JWD/workshop/jpaversionapps/JSFBookMaster/JSFBookMaster/src/java/ManagedBean/BookMasterBean.java</file>
        </group>
    </open-files>
</project-private>
