<?xml version="1.0" encoding="UTF-8"?>
<project-private xmlns="http://www.netbeans.org/ns/project-private/1">
    <editor-bookmarks xmlns="http://www.netbeans.org/ns/editor-bookmarks/2" lastBookmarkId="0"/>
    <open-files xmlns="http://www.netbeans.org/ns/projectui-open-files/2">
        <group>
            <file>file:/root/NetBeansProjects/trialweb/rest-http-security/PublishApp/src/java/auth/CustomAuthentication.java</file>
            <file>file:/root/NetBeansProjects/trialweb/rest-http-security/PublishApp/src/java/client/PublishClient.java</file>
            <file>file:/root/NetBeansProjects/trialweb/rest-http-security/PublishApp/src/java/servlets/RestPublishServlet.java</file>
        </group>
    </open-files>
</project-private>
