<?xml version="1.0" encoding="UTF-8"?>
<project-private xmlns="http://www.netbeans.org/ns/project-private/1">
    <editor-bookmarks xmlns="http://www.netbeans.org/ns/editor-bookmarks/2" lastBookmarkId="0"/>
    <open-files xmlns="http://www.netbeans.org/ns/projectui-open-files/2">
        <group>
            <file>file:/root/NetBeansProjects/ict21-23/rest/PublishApp/src/java/ejb/PublishBean.java</file>
            <file>file:/root/NetBeansProjects/ict21-23/rest/PublishApp/src/java/client/PublishClient.java</file>
            <file>file:/root/NetBeansProjects/ict21-23/rest/PublishApp/src/java/servlets/PublishServlet.java</file>
            <file>file:/root/NetBeansProjects/ict21-23/rest/PublishApp/src/java/ejb/PublishBeanLocal.java</file>
            <file>file:/root/NetBeansProjects/ict21-23/rest/PublishApp/src/java/entity/Address.java</file>
            <file>file:/root/NetBeansProjects/ict21-23/rest/PublishApp/src/java/entity/Subscription.java</file>
            <file>file:/root/NetBeansProjects/ict21-23/rest/PublishApp/src/java/servlets/RestPublishServlet.java</file>
            <file>file:/root/NetBeansProjects/ict21-23/rest/PublishApp/src/java/rest/PublishResource.java</file>
            <file>file:/root/NetBeansProjects/ict21-23/rest/PublishApp/src/java/rest/ApplicationConfig.java</file>
            <file>file:/root/NetBeansProjects/ict21-23/rest/PublishApp/src/java/entity/Customer.java</file>
        </group>
    </open-files>
</project-private>
