<?xml version="1.0" encoding="UTF-8"?>
<project-private xmlns="http://www.netbeans.org/ns/project-private/1">
    <editor-bookmarks xmlns="http://www.netbeans.org/ns/editor-bookmarks/2" lastBookmarkId="0"/>
    <open-files xmlns="http://www.netbeans.org/ns/projectui-open-files/2">
        <group>
            <file>file:/root/NetBeansProjects/ict2021/JSFSecureApp/src/java/beans/LoginBean.java</file>
            <file>file:/root/NetBeansProjects/ict2021/JSFSecureApp/src/java/jwtrest/JWTAuthenticationMechanism.java</file>
            <file>file:/root/NetBeansProjects/ict2021/JSFSecureApp/web/WEB-INF/web.xml</file>
            <file>file:/root/NetBeansProjects/ict2021/JSFSecureApp/web/Login.xhtml</file>
        </group>
    </open-files>
</project-private>
